,rebalance_date
0,2015-01-30
1,2015-02-27
2,2015-03-31
3,2015-04-30
4,2015-05-29
5,2015-06-30
6,2015-07-31
7,2015-08-31
8,2015-09-30
9,2015-10-30
10,2015-11-30
11,2015-12-31
12,2016-01-29
13,2016-02-29
14,2016-03-31
15,2016-04-29
16,2016-05-31
17,2016-06-30
18,2016-07-29
19,2016-08-31
20,2016-09-30
21,2016-10-31
22,2016-11-30
23,2016-12-30
24,2017-01-31
25,2017-02-28
26,2017-03-31
27,2017-04-28
28,2017-05-31
29,2017-06-30
30,2017-07-31
31,2017-08-31
32,2017-09-29
33,2017-10-31
34,2017-11-30
35,2017-12-29
36,2018-01-31
37,2018-02-28
38,2018-03-30
39,2018-04-30
40,2018-05-31
41,2018-06-29
42,2018-07-31
43,2018-08-31
44,2018-09-28
45,2018-10-31
46,2018-11-30
47,2018-12-31
48,2019-01-31
49,2019-02-28
50,2019-03-29
51,2019-04-30
52,2019-05-31
53,2019-06-28
54,2019-07-31
55,2019-08-30
56,2019-09-30
57,2019-10-31
58,2019-11-29
59,2019-12-31
60,2020-01-31
61,2020-02-28
62,2020-03-31
63,2020-04-30
64,2020-05-29
65,2020-06-30
66,2020-07-31
67,2020-08-31
68,2020-09-30
69,2020-10-30
70,2020-11-30
71,2020-12-31
72,2021-01-29
73,2021-02-26
74,2021-03-31
75,2021-04-30
76,2021-05-31
77,2021-06-30
78,2021-07-30
79,2021-08-31
80,2021-09-30
81,2021-10-29
82,2021-11-30
83,2021-12-31
84,2022-01-31
85,2022-02-28
86,2022-03-31
87,2022-04-29
88,2022-05-31
89,2022-06-30
90,2022-07-29
91,2022-08-31
92,2022-09-30
93,2022-10-31
94,2022-11-30
95,2022-12-30
96,2023-01-31
97,2023-02-28
98,2023-03-31
99,2023-04-28
100,2023-05-31
101,2023-06-30
102,2023-07-31
103,2023-08-31
104,2023-09-29
105,2023-10-31
106,2023-11-30
107,2023-12-29
108,2024-01-31
109,2024-02-29
110,2024-03-29
111,2024-04-30
112,2024-05-31
113,2024-06-28
114,2024-07-31
115,2024-08-30
116,2024-09-30
117,2024-10-31
118,2024-11-29
119,2024-12-31
120,2025-01-31
121,2025-02-28
122,2025-03-31
123,2025-04-30
124,2025-05-30
125,2025-06-30
126,2025-07-31
127,2025-08-29
128,2025-09-30
129,2025-10-31
130,2025-11-28
131,2025-12-31
132,2026-01-30
